seed,primary_length (m),k (10-8 m/s/MPa),_length (m),surface (m2),Jv (uL/s)
59090764,0.16,73.75,0.00028551548018060927,0.881,0.012888942067358031
