seed,primary_length (m),k (10-8 m/s/MPa),_length (m),surface (m2),Jv (uL/s)
33303086,0.15,9.1,12.717500000000001,0.004138845374215802,0.03193998287195458
