seed,primary_length (m),k (10-8 m/s/MPa),_length (m),surface (m2),Jv (uL/s)
59130229,0.06,32.76558,0.00033718104482,1.1946,0.0104221604835
