max_length,Jexp cnf,Jv cnf,surface,length,dp,Jexp(P),Jv(P),Cbase,kpr,klr,Js,Ps,F cnf,F Lpr,x pr,K pr,x lr,K lr,x pr,K1st pr,x lr,K1st lr
0.43500000000000033,0.0986666666666667,0.10102784088145893,0.005643500494241343,3.979,0.0,0.02483,0.02570031421964826,34.002176126369996,174.7,174.7,1.714e-07,6.438e-10,6.153050598273901e-05,0.00026273245402440087,0.0,0.0002301,0.0,0.0002301,0.0,0.0002301,0.0,0.0002301
0.3717,0.105333333333333,0.10185413904328328,0.005432385467920032,3.915,0.0488,0.0399,0.03906926947213516,23.364985144037835,,,,,,,0.06,0.0002266,0.06,0.0002266,0.06,0.0002266,0.06,0.0002266
0.2966,0.101444444444444,0.10519040203462983,0.005171922304196114,3.829,0.0955,0.053,0.05569306654184766,16.84159953578758,,,,,,,0.13,0.0223,0.13,0.0223,0.13,0.0223,0.13,0.0223
0.2493,0.103666666666667,0.10844732287989141,0.004912382768712372,3.694,0.198,0.1091,0.10009845768597342,9.667252192214878,,,,,,,0.18,0.02196,0.18,0.02196,0.18,0.02196,0.18,0.02196
0.2035,0.1195,0.11690442184918287,0.0045468898793936275,3.468,0.344,0.158,0.17073290903932878,5.771954869240643,,,,,,,0.23,0.02172,0.23,0.02172,0.23,0.02172,0.23,0.02172
0.1358,0.184777777777778,0.18525387794445888,0.0037846326874823354,2.947,0.494,0.2494,0.24610188691223278,4.039116360196942,,,,,,,0.29,0.02577,0.29,0.02577,0.29,0.02577,0.29,0.02577
,,,,,,,,,,,,,,,0.43,0.1954,0.43,0.1954,0.43,0.1954,0.43,0.1954
