plant,cut length (m),primary_length (m),k (10-8 m/s/MPa),_length (m),surface (m2),Jv (uL/s),Jexp (uL/s)
200619-YBFB-Col-2-cut-n-flow-archi2.txt,0.0,0.1621,10.4,2.8045,0.0003144316414419549,0.02150293647701019,0.0342
200619-YBFB-Col-2-cut-n-flow-archi2.txt,0.0498,0.1123,10.4,2.7252,0.000839124172994991,0.02868181120250337,0.0338
200619-YBFB-Col-2-cut-n-flow-archi2.txt,0.08703,0.07507,10.4,2.0871,0.000637760021951702,0.09687637276162356,0.0353
200619-YBFB-Col-2-cut-n-flow-archi2.txt,0.10158,0.06052,10.4,1.6358000000000001,0.000497502675454185,0.11872013758281244,0.038
200619-YBFB-Col-2-cut-n-flow-archi2.txt,0.11857999999999999,0.04352,10.4,1.0451000000000001,0.0003144316414419549,0.147011383743286,0.044
