plant,cut length (m),primary_length (m),k (10-8 m/s/MPa),_length (m),surface (m2),Jv (uL/s),Jexp (uL/s),x,K 1st,K optimized
200703-YBFB-Col-2-cut-n-flow-archi2.txt,0.0,0.163,58.1371095401,3.556,0.000333557343358,0.053192146965,0.0532,0.0,2.9e-05,6.79959184339e-05
200703-YBFB-Col-2-cut-n-flow-archi2.txt,0.062,0.101,58.1371095401,3.18,0.000937561831893,0.0549094048855,0.0549,0.015,0.000124,0.000123435728295
200703-YBFB-Col-2-cut-n-flow-archi2.txt,0.0939,0.0691,58.1371095401,2.123,0.000611833337427,0.0605984921881,0.0606,0.04,0.00177,0.000659352523054
200703-YBFB-Col-2-cut-n-flow-archi2.txt,0.1166,0.0464,58.1371095401,1.181,0.000333557343358,0.0838024257944,0.0838,0.06,0.00218,0.000288532167775
,,,,,,,,0.0765,0.00183,0.000494065465658
,,,,,,,,0.0965,0.00305,0.00298919518741
,,,,,,,,0.1175,0.00419,0.00337669700521
,,,,,,,,0.1485,0.00345,0.00309652872964
,,,,,,,,0.1975,0.0026,0.00162652872964
