seed,primary_length,Jv,k0,surface,length,axfold,radfold,delta,nude_length,integral_diff,0.01,0.02,0.03,0.045,0.06,0.08
81629849,0.09,0.00800728207035,327.66,0.00021282285892,0.7108,1,1,0.002,0.025,-0.00394994660624,7,13,16,12,6,3
65783959,0.08,0.00793291512892,327.66,0.000222260580242,0.7425,1,1,0.002,0.01,-0.00183287558771,7,15,16,10,5,3
27179301,0.1,0.00922335481048,327.66,0.000221257344044,0.7211,1,1,0.0025,0.02,-0.00297361554608,6,13,15,10,6,3
3839107,0.08,0.00825250221779,327.66,0.00022413554557,0.7503,1,1,0.0015,0.035,-0.00555030001861,8,16,18,10,7,2
1492300,0.09,0.00878175567945,327.66,0.000208278607978,0.6838,1,1,0.00225,0.005,-0.00320714319715,8,13,15,10,5,3